,weapon,date,usage,usage percentage
0,Barrett,2023-03-07,0.0,
1,Barrett,2023-03-08,1.666666666666667,
2,Barrett,2023-03-09,0.6720430107526882,
3,Barrett,2023-03-10,5.6462708620982,
4,Barrett,2023-03-11,7.603338612953998,
5,Barrett,2023-03-12,2.3238463663995574,
6,Barrett,2023-03-13,7.237073051217788,
7,Barrett,2023-03-14,9.700156192117003,
8,Barrett,2023-03-15,6.531034551867885,
9,Barrett,2023-03-16,3.186681160249442,
10,Barrett,2023-03-17,4.688431791606395,
11,Barrett,2023-03-18,3.2866256550467075,
12,Barrett,2023-03-19,0.723472239085092,
13,Barrett,2023-03-20,1.3565891472868215,3.9015878076677315
14,Barrett,2023-03-21,2.6779829407773565,3.82001414987504
15,Barrett,2023-03-22,2.5603864734299515,3.7412874200972217
16,Barrett,2023-03-23,4.067188519243315,3.7604580729881683
17,Barrett,2023-03-24,3.0303030303030303,3.7198939039501053
18,Barrett,2023-03-25,2.2360482654600298,3.6417967650822063
19,Barrett,2023-03-26,1.1195902828857123,3.515686440972382
20,Barrett,2023-03-27,6.353758169934641,3.6508327137801087
21,Barrett,2023-03-28,9.545454545454545,4.105378168325563
22,Barrett,2023-03-29,10.72239971600994,4.536603551627623
23,Barrett,2023-03-30,2.5213188112124283,4.624664304030468
24,Barrett,2023-03-31,3.1668508926218184,4.506596686436355
25,Barrett,2023-04-01,4.2509494148838405,4.346959105575872
26,Barrett,2023-04-02,2.273690979364738,4.344570753812309
27,Barrett,2023-04-03,2.036943319838056,4.0969455285085115
28,Barrett,2023-04-04,0.5573240460458504,3.66157256917179
29,Barrett,2023-04-05,8.996414769441087,3.778971627151467
30,Barrett,2023-04-06,5.5194805194805205,3.8900573109243743
31,Barrett,2023-04-07,3.2277866101395523,3.820502778473573
32,Barrett,2023-04-08,4.612638564410216,3.883646250348026
33,Barrett,2023-04-09,0.7293998439831774,3.8839285172479343
34,Barrett,2023-04-10,0.847069597069597,3.859665681523304
35,Barrett,2023-04-11,1.5789473684210524,3.8073306542682426
36,Barrett,2023-04-12,5.351759748326495,3.9402531911680785
37,Barrett,2023-04-13,1.4756944444444446,3.816848711415751
38,Barrett,2023-04-14,8.176723374091795,4.061916346834264
39,Barrett,2023-04-15,0.0,3.9554378580028335
40,Barrett,2023-04-16,5.716534324781746,4.174339955235978
41,Barrett,2023-04-17,1.6761363636363635,3.9515960596979647
42,Barrett,2023-04-18,0.5787037037037037,3.5246079243764967
43,Barrett,2023-04-19,0.0,3.0140174617093565
44,Barrett,2023-04-20,1.5394327894327893,2.9672609844817543
45,Barrett,2023-04-21,21.112483337253977,3.8218149104166192
46,Barrett,2023-04-22,42.28349876261215,5.632888688879872
47,Barrett,2023-04-23,7.5579872802095025,5.884521846062956
48,Barrett,2023-04-27,18.686868686868685,6.952870266632512
49,Barrett,2023-04-28,0.0,6.773548788291428
50,Barrett,2023-04-30,2.777777777777777,7.021153974037063
51,Barrett,2023-05-01,4.146866704118614,7.215259686216418
52,Barrett,2023-05-04,0.5050505050505051,7.650537573969173
53,Barrett,2023-05-06,0.6333567909922588,7.658192644745577
54,Barrett,2023-05-07,0.7971014492753623,7.3068045822094065
55,Barrett,2023-05-10,0.0,
56,Barrett,2023-05-11,4.960109335109334,
57,Barrett,2023-05-12,2.7370777370777377,
58,Barrett,2023-05-14,0.20833333333333337,
59,Barrett,2023-05-15,5.124650423322991,
60,Barrett,2023-05-16,0.0,
61,Barrett,2023-05-17,0.17857142857142852,2.9111260122498592
62,Barrett,2023-05-18,2.0282186948853616,1.7212224413939072
63,Barrett,2023-05-19,3.666036598728905,1.9830821984459719
64,Barrett,2023-05-20,1.3330093942338836,1.9397440114984996
65,Barrett,2023-05-21,0.8314436885865459,1.8099884055524176
66,Barrett,2023-05-22,0.0,1.5335306252778433
67,Deagles,2023-03-07,15.705128205128204,
68,Deagles,2023-03-08,7.606271043771044,
69,Deagles,2023-03-09,18.942994027197056,
70,Deagles,2023-03-10,15.571367414892597,
71,Deagles,2023-03-11,15.159000543615928,
72,Deagles,2023-03-12,18.509368002010945,
73,Deagles,2023-03-13,15.116806013187594,
74,Deagles,2023-03-14,12.736516920437348,
75,Deagles,2023-03-15,12.259829207292976,
76,Deagles,2023-03-16,4.707077063905256,
77,Deagles,2023-03-17,9.863329278011818,
78,Deagles,2023-03-18,6.489474283795614,
79,Deagles,2023-03-19,6.295551762709874,
80,Deagles,2023-03-20,4.839284316028501,11.700142720141768
81,Deagles,2023-03-21,5.050017278371109,11.256801024023725
82,Deagles,2023-03-22,6.550212569234309,10.962639245599386
83,Deagles,2023-03-23,7.42410820221054,10.75449036069416
84,Deagles,2023-03-24,3.565075356742023,10.355078416030151
85,Deagles,2023-03-25,9.352154553392943,10.302292949575563
86,Deagles,2023-03-26,16.416244663565895,10.607990535275079
87,Deagles,2023-03-27,2.8482142857142856,10.238477380534087
88,Deagles,2023-03-28,1.1363636363636362,9.544726686783395
89,Deagles,2023-03-29,12.506656043115356,9.778078353418838
90,Deagles,2023-03-30,12.851722679838419,9.488017813068428
91,Deagles,2023-03-31,10.28327552281297,9.236203913445587
92,Deagles,2023-04-01,1.2924479891693008,8.575891887043367
93,Deagles,2023-04-02,9.129396984473503,8.129226600493965
94,Deagles,2023-04-03,1.7230576441102752,7.491429059109332
95,Deagles,2023-04-04,9.31864835248294,7.328673413016263
96,Deagles,2023-04-05,6.6804171061137,7.062987122483918
97,Deagles,2023-04-06,2.2126022126022127,6.944202605755201
98,Deagles,2023-04-07,4.537844096667627,6.690608073310239
99,Deagles,2023-04-08,7.633205595804017,6.745071469120163
100,Deagles,2023-04-09,8.0865946360738,6.830359224994636
101,Deagles,2023-04-10,9.420474677827617,7.048511146985071
102,Deagles,2023-04-11,3.84990253411306,6.991362825829926
103,Deagles,2023-04-12,4.40039481576295,6.888990551855099
104,Deagles,2023-04-13,6.050697951739618,6.823590063737436
105,Deagles,2023-04-14,12.961469507942793,7.271037404270807
106,Deagles,2023-04-15,16.081699346405227,7.591491918223772
107,Deagles,2023-04-16,21.962932206261492,7.855619896447372
108,Deagles,2023-04-17,14.261446716409953,8.399107155051928
109,Deagles,2023-04-18,8.526234567901236,8.751005770839432
110,Deagles,2023-04-19,6.787918871252205,8.478684953131662
111,Deagles,2023-04-20,19.009544531770466,8.771914565128426
112,Deagles,2023-04-21,11.150638097885802,8.8132175448938
113,Deagles,2023-04-22,9.211507762232399,9.190315629325376
114,Deagles,2023-04-23,19.80524747885859,9.698689462391332
115,Deagles,2023-04-27,5.555555555555555,10.516294941692466
116,Deagles,2023-04-28,11.61155700751974,10.909278992295363
117,Deagles,2023-04-30,4.86111111111111,10.912254867091164
118,Deagles,2023-05-01,4.185310025004682,10.604304005160405
119,Deagles,2023-05-04,15.972222222222221,12.129626333888899
120,Deagles,2023-05-06,16.992740911170348,12.135283361796843
121,Deagles,2023-05-07,14.388892609001301,11.594280533421115
122,Deagles,2023-05-10,25.294117647058826,
123,Deagles,2023-05-11,13.024525599713568,
124,Deagles,2023-05-12,0.11904761904761907,
125,Deagles,2023-05-14,16.508413461538463,
126,Deagles,2023-05-15,13.71354020495093,
127,Deagles,2023-05-16,9.133333333333333,
128,Deagles,2023-05-17,3.31845238095238,11.048487120584292
129,Deagles,2023-05-18,13.135693736183935,11.589925562057747
130,Deagles,2023-05-19,18.761361273194442,12.100625866748796
131,Deagles,2023-05-20,7.669195883481598,11.805197201197648
132,Deagles,2023-05-21,9.868943174265302,12.139052672074598
133,Deagles,2023-05-22,7.83179012345679,12.382151345304738
134,Dragunov,2023-03-07,3.6111111111111107,
135,Dragunov,2023-03-08,1.666666666666667,
136,Dragunov,2023-03-09,1.7473118279569892,
137,Dragunov,2023-03-10,0.6394884092725819,
138,Dragunov,2023-03-11,3.205128205128205,
139,Dragunov,2023-03-12,13.251672234385,
140,Dragunov,2023-03-13,7.099179451153136,
141,Dragunov,2023-03-14,3.819183998181612,
142,Dragunov,2023-03-15,8.919362102232473,
143,Dragunov,2023-03-16,5.871584930861943,
144,Dragunov,2023-03-17,6.071207901273261,
145,Dragunov,2023-03-18,1.8122132211782171,
146,Dragunov,2023-03-19,5.519660006573712,
147,Dragunov,2023-03-20,12.554965491012,5.4134811112133505
148,Dragunov,2023-03-21,8.040460357823475,5.588613060987359
149,Dragunov,2023-03-22,10.858770267338041,5.917997886384277
150,Dragunov,2023-03-23,7.999148005946959,6.04041848165267
151,Dragunov,2023-03-24,1.5530303030303028,5.791119138395872
152,Dragunov,2023-03-25,3.2186447811447816,5.65572575117213
153,Dragunov,2023-03-26,6.61895404753945,5.703887165990496
154,Dragunov,2023-03-27,5.840097402597403,5.710373367733682
155,Dragunov,2023-03-28,23.067143294416017,6.636851090748202
156,Dragunov,2023-03-29,7.550570885420884,6.917037005926974
157,Dragunov,2023-03-30,9.291308573223468,7.276274946177758
158,Dragunov,2023-03-31,7.1996163405855045,7.588661990525992
159,Dragunov,2023-04-01,4.955420909260425,7.672009262151336
160,Dragunov,2023-04-02,6.816170124472168,7.365556780726916
161,Dragunov,2023-04-03,5.951336675020883,7.310897600911093
162,Dragunov,2023-04-04,8.567305710162852,7.536998634814963
163,Dragunov,2023-04-05,9.49382671422145,7.564354092528723
164,Dragunov,2023-04-06,15.057935891269224,8.001799376357642
165,Dragunov,2023-04-07,10.541920100743631,8.21469043347528
166,Dragunov,2023-04-08,9.41151445435836,8.57656192076957
167,Dragunov,2023-04-09,9.54091336903837,8.768050176125032
168,Dragunov,2023-04-10,14.166209875013132,8.844776099172705
169,Dragunov,2023-04-11,15.3473962684489,9.192725428250105
170,Dragunov,2023-04-12,10.340155613334419,9.168029492345172
171,Dragunov,2023-04-13,6.1981922398589075,9.082269693960026
172,Dragunov,2023-04-14,13.102366594508876,9.63223808879234
173,Dragunov,2023-04-15,0.0,9.478969289690205
174,Dragunov,2023-04-16,8.392334917820856,9.563415997798845
175,Dragunov,2023-04-17,11.434659090909092,9.829823697242258
176,Dragunov,2023-04-18,15.046296296296296,9.4478786020937
177,Dragunov,2023-04-19,0.0,9.088327607549848
178,Dragunov,2023-04-20,2.971634846634846,8.78739076342658
179,Dragunov,2023-04-21,1.2652905198776758,8.504803819583351
180,Dragunov,2023-04-22,0.47964113181504486,8.29167144922881
181,Dragunov,2023-04-23,2.777777777777778,8.099367051767171
182,Dragunov,2023-04-27,4.954304954304954,7.553922669485619
183,Dragunov,2023-04-28,2.6502267573696145,7.115495261520396
184,Dragunov,2023-04-30,0.0,6.419205110821787
185,Dragunov,2023-05-01,9.073826936422359,6.119653173257625
186,Dragunov,2023-05-04,0.0,4.809890654915827
187,Dragunov,2023-05-06,8.398291637207892,4.817448919031172
188,Dragunov,2023-05-07,1.9826892109500804,4.359617082826117
189,Dragunov,2023-05-10,0.0,
190,Dragunov,2023-05-11,2.282913165266106,
191,Dragunov,2023-05-12,12.208740333740334,
192,Dragunov,2023-05-14,3.1944444444444446,
193,Dragunov,2023-05-15,3.485507854976882,
194,Dragunov,2023-05-16,1.0000000000000002,
195,Dragunov,2023-05-17,0.27777777777777773,3.5363373623186036
196,Dragunov,2023-05-18,2.3471898471898474,3.3501148546675243
197,Dragunov,2023-05-19,0.9261515256990368,3.226966623833911
198,Dragunov,2023-05-20,2.1982065553494126,3.1583826192682785
199,Dragunov,2023-05-21,3.877194234337092,3.416862234890751
200,Dragunov,2023-05-22,0.0,2.81194043912926
201,Kalashnikov,2023-03-07,2.88698955365622,
202,Kalashnikov,2023-03-08,6.5182040182040195,
203,Kalashnikov,2023-03-09,9.028667937586341,
204,Kalashnikov,2023-03-10,8.745765292527883,
205,Kalashnikov,2023-03-11,3.0021367521367526,
206,Kalashnikov,2023-03-12,5.403103280795791,
207,Kalashnikov,2023-03-13,5.727861319966583,
208,Kalashnikov,2023-03-14,9.044189700514282,
209,Kalashnikov,2023-03-15,4.142378540526688,
210,Kalashnikov,2023-03-16,13.289576774611756,
211,Kalashnikov,2023-03-17,19.951841545562363,
212,Kalashnikov,2023-03-18,10.875587729654715,
213,Kalashnikov,2023-03-19,13.137924239245821,
214,Kalashnikov,2023-03-20,15.31144259170935,9.076119234049898
215,Kalashnikov,2023-03-21,13.929838830384899,9.399700540472232
216,Kalashnikov,2023-03-22,9.380167939950551,9.398479752939625
217,Kalashnikov,2023-03-23,19.73140153337574,10.006298681200574
218,Kalashnikov,2023-03-24,10.490560365560363,10.033202108109451
219,Kalashnikov,2023-03-25,3.9364944695827044,9.712322758713306
220,Kalashnikov,2023-03-26,5.000337272368761,9.476723484396079
221,Kalashnikov,2023-03-27,14.342312779812778,9.708418212749255
222,Kalashnikov,2023-03-28,0.3541912632821724,9.587808770350492
223,Kalashnikov,2023-03-29,12.36393855125247,9.866177081448036
224,Kalashnikov,2023-03-30,11.486172158064655,9.983201091947004
225,Kalashnikov,2023-03-31,7.401324230370482,9.919180088987128
226,Kalashnikov,2023-04-01,9.323830995962146,10.220213148216908
227,Kalashnikov,2023-04-02,6.575942790015205,10.276062648655929
228,Kalashnikov,2023-04-03,8.887489789192573,10.426521147190499
229,Kalashnikov,2023-04-04,4.158714301571444,10.193879461526555
230,Kalashnikov,2023-04-05,6.090280333701387,10.286636689772969
231,Kalashnikov,2023-04-06,3.616968749544507,9.826036307626909
232,Kalashnikov,2023-04-07,7.601214660038191,9.237911217840043
233,Kalashnikov,2023-04-08,5.972861346877092,9.004448056755395
234,Kalashnikov,2023-04-09,5.562401044171877,8.643708856989969
235,Kalashnikov,2023-04-10,5.71660388449604,8.186811775694096
236,Kalashnikov,2023-04-11,10.575487632123787,8.027080766253091
237,Kalashnikov,2023-04-12,3.365900596463612,7.740687083229905
238,Kalashnikov,2023-04-13,0.9876543209876545,6.848127692163804
239,Kalashnikov,2023-04-14,1.580037049144601,6.423817058048769
240,Kalashnikov,2023-04-15,4.401154401154401,6.4459437214569455
241,Kalashnikov,2023-04-16,19.780718731139235,7.149771409969824
242,Kalashnikov,2023-04-17,11.203712375587376,7.0003142478638525
243,Kalashnikov,2023-04-18,4.770171957671958,7.210599042834795
244,Kalashnikov,2023-04-19,16.146677396677394,7.390729464045505
245,Kalashnikov,2023-04-20,14.005684086425711,7.51070622253889
246,Kalashnikov,2023-04-21,12.70758230047221,7.76338517825802
247,Kalashnikov,2023-04-22,7.8327893886291164,7.692383196956445
248,Kalashnikov,2023-04-23,3.2657594463150024,7.534755418685007
249,Kalashnikov,2023-04-27,10.676206509539842,8.119589840439728
250,Kalashnikov,2023-04-28,11.00140056022409,8.308489057116724
251,Kalashnikov,2023-04-30,2.083333333333333,8.241227880610904
252,Kalashnikov,2023-05-01,15.077897081713878,8.791892186329601
253,Kalashnikov,2023-05-04,12.045454545454547,9.771905277565512
254,Kalashnikov,2023-05-06,11.835844908276236,10.888088044389994
255,Kalashnikov,2023-05-07,11.528462479549436,10.298641169276438
256,Kalashnikov,2023-05-10,22.62928214214979,
257,Kalashnikov,2023-05-11,10.81408903887895,
258,Kalashnikov,2023-05-12,12.226092360020935,
259,Kalashnikov,2023-05-14,15.054563492063494,
260,Kalashnikov,2023-05-15,15.786851398203758,
261,Kalashnikov,2023-05-16,23.04519402166461,
262,Kalashnikov,2023-05-17,10.83634956661272,13.188644388406116
263,Kalashnikov,2023-05-18,9.711560775157267,13.119741121664504
264,Kalashnikov,2023-05-19,14.898157725839907,13.39808091920849
265,Kalashnikov,2023-05-20,8.366465733812673,13.06263990684877
266,Kalashnikov,2023-05-21,8.12223361242969,13.465233258788524
267,Kalashnikov,2023-05-22,16.04943282026616,13.530002308025344
268,M79,2023-03-07,18.02991452991453,
269,M79,2023-03-08,5.269360269360271,
270,M79,2023-03-09,11.61165622977767,
271,M79,2023-03-10,11.982494590408262,
272,M79,2023-03-11,13.49574204495019,
273,M79,2023-03-12,5.241357474549779,
274,M79,2023-03-13,14.092866998857305,
275,M79,2023-03-14,8.258818957260624,
276,M79,2023-03-15,11.119479956655528,
277,M79,2023-03-16,4.4994677373532,
278,M79,2023-03-17,5.71716122210004,
279,M79,2023-03-18,15.197375742189614,
280,M79,2023-03-19,9.867203982421652,
281,M79,2023-03-20,5.250345806091359,9.973803252992145
282,M79,2023-03-21,3.424141538654135,9.537159138702945
283,M79,2023-03-22,5.8844333948234215,9.308863779710475
284,M79,2023-03-23,10.03247988693194,9.351429433076442
285,M79,2023-03-24,11.546376463043128,9.47337093474126
286,M79,2023-03-25,5.446813298164422,9.261446848605635
287,M79,2023-03-26,14.316248084835443,9.514186910417127
288,M79,2023-03-27,9.79812698195051,9.52770786620443
289,M79,2023-03-28,19.527324527324524,9.599013104176334
290,M79,2023-03-29,6.5346643062298,9.659265677360597
291,M79,2023-03-30,8.82984864993626,9.526798649749102
292,M79,2023-03-31,10.546123638245952,9.458400032979467
293,M79,2023-04-01,16.32411350034301,9.593084387998173
294,M79,2023-04-02,7.719396201105793,9.711086232119888
295,M79,2023-04-03,10.379711233039403,9.534269290890466
296,M79,2023-04-04,7.050395371823943,9.476725310631574
297,M79,2023-04-05,13.947191332059754,9.611378233269871
298,M79,2023-04-06,6.749729853562295,9.718533572136971
299,M79,2023-04-07,14.484428615620567,10.136022495637949
300,M79,2023-04-08,3.2670089032988514,9.567909789024103
301,M79,2023-04-09,2.023663065329732,9.194407840591154
302,M79,2023-04-10,6.7232613065946385,9.264546673948454
303,M79,2023-04-11,10.442459587196428,9.598752295307609
304,M79,2023-04-12,6.0598348047959325,9.607104743401539
305,M79,2023-04-13,15.661020510897966,9.875130487399922
306,M79,2023-04-14,16.56189083820663,10.11396450526485
307,M79,2023-04-15,15.906685137823247,10.6120536404867
308,M79,2023-04-16,5.656481977358266,10.199683825844929
309,M79,2023-04-17,11.140118561993559,10.26358818679936
310,M79,2023-04-18,2.801274018379282,9.467109591135301
311,M79,2023-04-19,19.2692637790677,10.073519089841867
312,M79,2023-04-20,14.644075565699898,10.350387038211565
313,M79,2023-04-21,20.034661948652776,10.802222195849984
314,M79,2023-04-22,4.525953112909634,10.240405034543633
315,M79,2023-04-23,16.77599149821372,10.671671477263057
316,M79,2023-04-27,14.290123456790122,11.126010927157164
317,M79,2023-04-28,10.277464284144186,10.892290686519587
318,M79,2023-04-30,2.3809523809523805,11.361853692333902
319,M79,2023-05-01,1.8780583284400083,11.076841752442455
320,M79,2023-05-04,6.755050505050504,10.859869692912127
321,M79,2023-05-06,6.649173213212621,9.79133161649033
322,M79,2023-05-07,5.675344180778963,9.792678916734669
323,M79,2023-05-10,0.0,
324,M79,2023-05-11,4.9990188383045515,
325,M79,2023-05-12,1.190476190476191,
326,M79,2023-05-14,2.673611111111111,
327,M79,2023-05-15,14.794366588354094,
328,M79,2023-05-16,1.1428571428571428,
329,M79,2023-05-17,3.316468253968254,5.430211748174295
330,M79,2023-05-18,4.057794057794058,4.699331076817434
331,M79,2023-05-19,5.525081222196605,4.359875143821178
332,M79,2023-05-20,6.613009022246401,4.510084069049526
333,M79,2023-05-21,13.14408772444487,5.227626425282358
334,M79,2023-05-22,8.688271604938274,5.681640643715577
335,MP5,2023-03-07,14.93381001714335,
336,MP5,2023-03-08,32.185064935064936,
337,MP5,2023-03-09,19.672652131206007,
338,MP5,2023-03-10,24.389720841070595,
339,MP5,2023-03-11,20.626244356447973,
340,MP5,2023-03-12,22.53639846003449,
341,MP5,2023-03-13,23.84496099231007,
342,MP5,2023-03-14,28.906697471655765,
343,MP5,2023-03-15,22.452454077718514,
344,MP5,2023-03-16,25.36258317361275,
345,MP5,2023-03-17,21.373642643760345,
346,MP5,2023-03-18,32.702322701452424,
347,MP5,2023-03-19,39.006095992199896,
348,MP5,2023-03-20,28.653571880316065,25.4747299767138
349,MP5,2023-03-21,34.14041398604285,26.052442244002403
350,MP5,2023-03-22,30.86577111673019,26.35327529854789
351,MP5,2023-03-23,20.292769920338415,25.996774982182625
352,MP5,2023-03-24,33.50007477090809,26.413624970445152
353,MP5,2023-03-25,45.95961585391732,27.44236133273316
354,MP5,2023-03-26,17.702215527249766,26.955354042458993
355,MP5,2023-03-27,22.227296777296772,26.730208458403645
356,MP5,2023-03-28,21.48360898360898,27.04210364728296
357,MP5,2023-03-29,25.563648391841557,26.72679809760566
358,MP5,2023-03-30,15.25332642847958,26.51635401652345
359,MP5,2023-03-31,48.5485559495052,27.666774735972716
360,MP5,2023-04-01,25.155174079649825,27.882438056125185
361,MP5,2023-04-02,46.14972267259308,29.006882066247023
362,MP5,2023-04-03,52.39729232182792,30.366516891462158
363,MP5,2023-04-04,46.25131788289683,31.192451196759354
364,MP5,2023-04-05,32.50051902431933,31.67093047993082
365,MP5,2023-04-06,49.870590268317535,32.83797843682152
366,MP5,2023-04-07,31.788830267932436,33.33393975225829
367,MP5,2023-04-08,39.62679695889515,33.66367662166032
368,MP5,2023-04-09,45.224970950711075,33.959813524446574
369,MP5,2023-04-10,34.73412169840741,34.24936351578425
370,MP5,2023-04-11,28.780950171110355,33.99415095316842
371,MP5,2023-04-12,43.9265830278348,34.616094377506734
372,MP5,2023-04-13,36.17072260301427,35.37218736239606
373,MP5,2023-04-14,30.297510725142306,35.21968431259769
374,MP5,2023-04-15,31.102633477633475,34.51220896134608
375,MP5,2023-04-16,10.219233170643115,34.155876468174334
376,MP5,2023-04-17,24.616656491656492,34.26965550219146
377,MP5,2023-04-18,22.905440685045953,34.337361773688464
378,MP5,2023-04-19,22.680206730451832,34.20005502790799
379,MP5,2023-04-20,20.811360573225546,34.46472332051495
380,MP5,2023-04-21,10.641132567738072,32.65960792138318
381,MP5,2023-04-22,15.615057245492025,32.20531664356614
382,MP5,2023-04-23,25.797492116936557,31.2361628075825
383,MP5,2023-04-27,8.313692480359146,26.847410663457225
384,MP5,2023-04-28,10.312499999999996,25.654281204127646
385,MP5,2023-04-30,44.67592592592592,24.8000717465069
386,MP5,2023-05-01,34.37562437562438,24.77898366869613
387,MP5,2023-05-04,0.0,20.82429777105832
388,MP5,2023-05-06,36.06195870358431,20.50187721904881
389,MP5,2023-05-07,21.376207002006236,21.298803921289032
390,MP5,2023-05-10,16.716269841269842,
391,MP5,2023-05-11,25.145863706788077,
392,MP5,2023-05-12,35.72716800395372,
393,MP5,2023-05-14,12.222222222222225,
394,MP5,2023-05-15,18.319239757292852,
395,MP5,2023-05-16,20.11616961469903,
396,MP5,2023-05-17,31.285186304923144,22.47485913847492
397,MP5,2023-05-18,36.97167321834901,24.521857762617053
398,MP5,2023-05-19,24.007625162736492,25.500080988526804
399,MP5,2023-05-20,42.24188933683786,26.616201545080873
400,MP5,2023-05-21,27.56630782978822,25.475560338671695
401,MP5,2023-05-22,36.92337754837755,25.64541055018857
402,Minigun,2023-03-07,1.1574074074074072,
403,Minigun,2023-03-08,0.7638888888888888,
404,Minigun,2023-03-09,0.4121863799283153,
405,Minigun,2023-03-10,0.0342583076396026,
406,Minigun,2023-03-11,0.0,
407,Minigun,2023-03-12,0.38969166002958233,
408,Minigun,2023-03-13,0.45722734867471704,
409,Minigun,2023-03-14,1.0371529822603809,
410,Minigun,2023-03-15,0.698834772908847,
411,Minigun,2023-03-16,0.5606728073688425,
412,Minigun,2023-03-17,0.4921313254646589,
413,Minigun,2023-03-18,1.0294330868493549,
414,Minigun,2023-03-19,0.4958806649095865,
415,Minigun,2023-03-20,0.5815911048469186,0.5793111955126502
416,Minigun,2023-03-21,0.9675591443547242,0.6051943921021218
417,Minigun,2023-03-22,0.9551127214170693,0.627064287684306
418,Minigun,2023-03-23,3.32185385569753,0.7855813210968485
419,Minigun,2023-03-24,1.7052469135802466,0.8366738540125929
420,Minigun,2023-03-25,0.3157560032560032,0.809257125025404
421,Minigun,2023-03-26,3.247886246464859,0.9311885810973767
422,Minigun,2023-03-27,3.705026455026455,1.0632760989035233
423,Minigun,2023-03-28,0.3787878787878788,1.0261989784930694
424,Minigun,2023-03-29,2.946552914604033,1.130135360669981
425,Minigun,2023-03-30,1.3312813228826668,1.1739017865249504
426,Minigun,2023-03-31,1.5046150618837846,1.2439187748222924
427,Minigun,2023-04-01,2.5707898658718333,1.3663373398638083
428,Minigun,2023-04-02,0.585682048448006,1.3756702155027807
429,Minigun,2023-04-03,1.9565084038768243,1.447064551464786
430,Minigun,2023-04-04,1.6915227629513343,1.4782250172119742
431,Minigun,2023-04-05,4.380734397181767,1.6535535707487798
432,Minigun,2023-04-06,0.0,1.6268548656359776
433,Minigun,2023-04-07,2.4210024577671643,1.7187058719360973
434,Minigun,2023-04-08,0.37495313085864246,1.687540159746063
435,Minigun,2023-04-09,4.530041235770401,1.8796430440727687
436,Minigun,2023-04-10,2.872260015117157,1.9887225159903994
437,Minigun,2023-04-11,3.6549707602339176,2.116694497698932
438,Minigun,2023-04-12,1.1646067216772318,2.1266704024732257
439,Minigun,2023-04-13,1.914457070707071,2.0596515079498703
440,Minigun,2023-04-14,0.6522717049032839,2.009509831346205
441,Minigun,2023-04-15,0.0,1.9944738311911578
442,Minigun,2023-04-16,3.8101374570446724,2.0212476983616248
443,Minigun,2023-04-17,3.2410037878787876,1.9991513808784027
444,Minigun,2023-04-18,3.449074074074074,2.1453554854158403
445,Minigun,2023-04-19,7.79320987654321,2.376148674079611
446,Minigun,2023-04-20,1.1679292929292928,2.3683700059865935
447,Minigun,2023-04-21,1.690893204654672,2.377240393737588
448,Minigun,2023-04-22,0.0,2.254821828696072
449,Minigun,2023-04-23,0.0,2.226932207341405
450,Minigun,2023-04-27,0.0,2.1520450438977545
451,Minigun,2023-04-28,4.030612244897958,2.2414678098494654
452,Minigun,2023-04-30,0.0,2.084789777097725
453,Minigun,2023-05-01,2.608720795743697,2.0692874700757566
454,Minigun,2023-05-04,4.320987654320988,2.1843226728660428
455,Minigun,2023-05-06,0.8082291271946442,2.351485536805857
456,Minigun,2023-05-07,1.3631584859206343,2.1767013245827114
457,Minigun,2023-05-10,0.0,
458,Minigun,2023-05-11,1.0618670545141131,
459,Minigun,2023-05-12,0.4477004477004478,
460,Minigun,2023-05-14,0.5902777777777778,
461,Minigun,2023-05-15,1.6763104152484682,
462,Minigun,2023-05-16,0.0,
463,Minigun,2023-05-17,1.3095238095238093,1.3012419866316098
464,Minigun,2023-05-18,3.3403265775060644,1.5398367421677575
465,Minigun,2023-05-19,2.0430264180264173,1.3978663259626471
466,Minigun,2023-05-20,2.8855271712414567,1.4970437156479013
467,Minigun,2023-05-21,4.553346332057817,1.8006001377850889
468,Minigun,2023-05-22,2.332216394716395,1.7821665110499356
469,Rheinmetall,2023-03-07,11.28917378917379,
470,Rheinmetall,2023-03-08,8.484848484848484,
471,Rheinmetall,2023-03-09,6.503770627285059,
472,Rheinmetall,2023-03-10,5.245414058363697,
473,Rheinmetall,2023-03-11,4.591140696909927,
474,Rheinmetall,2023-03-12,4.813203624793769,
475,Rheinmetall,2023-03-13,1.3681238352290983,
476,Rheinmetall,2023-03-14,4.389999030248925,
477,Rheinmetall,2023-03-15,0.8863093353834095,
478,Rheinmetall,2023-03-16,7.594911471041773,
479,Rheinmetall,2023-03-17,0.9718911306212894,
480,Rheinmetall,2023-03-18,0.8851674641148327,
481,Rheinmetall,2023-03-19,1.4855649986188981,
482,Rheinmetall,2023-03-20,0.3875968992248061,4.206936817561268
483,Rheinmetall,2023-03-21,3.0884240069322932,4.13236929685267
484,Rheinmetall,2023-03-22,0.7334389485419234,3.9199361500832484
485,Rheinmetall,2023-03-23,3.6374494037165266,3.9033192826499117
486,Rheinmetall,2023-03-24,4.791806958473623,3.9526797090845625
487,Rheinmetall,2023-03-25,4.017565359477124,3.9560947433157496
488,Rheinmetall,2023-03-26,2.859985945487804,3.9012893034243525
489,Rheinmetall,2023-03-27,0.23809523809523808,3.726851490789633
490,Rheinmetall,2023-03-28,0.0,3.1892717865432623
491,Rheinmetall,2023-03-29,3.9674994537307717,2.9741599279186093
492,Rheinmetall,2023-03-30,3.6228163089865215,2.8369716270472503
493,Rheinmetall,2023-03-31,2.0924168831657823,2.6868289044187783
494,Rheinmetall,2023-04-01,5.1981491621548646,2.7157340694304417
495,Rheinmetall,2023-04-02,3.116014304592418,2.6349155303732346
496,Rheinmetall,2023-04-03,0.17993702204228515,2.578335205935767
497,Rheinmetall,2023-04-04,2.695177838034981,2.49762943487796
498,Rheinmetall,2023-04-05,0.8836429308565533,2.497502463233824
499,Rheinmetall,2023-04-06,0.2812213039485767,2.1492315028960527
500,Rheinmetall,2023-04-07,4.115096615096617,2.2989079545377353
501,Rheinmetall,2023-04-08,0.7352941176470584,2.2917711285154603
502,Rheinmetall,2023-04-09,2.157157941149169,2.3237517448264255
503,Rheinmetall,2023-04-10,5.075000854292834,2.546961456972522
504,Rheinmetall,2023-04-11,2.4622453569821987,2.5171434260225176
505,Rheinmetall,2023-04-12,6.91099325619193,2.8113126787677563
506,Rheinmetall,2023-04-13,3.9638447971781314,2.8268553165516415
507,Rheinmetall,2023-04-14,2.9306220095693782,2.738227461841916
508,Rheinmetall,2023-04-15,2.994949494949495,2.6895314682929814
509,Rheinmetall,2023-04-16,10.928132577617115,3.073728926965806
510,Rheinmetall,2023-04-17,1.8381734006734007,3.1499231251838133
511,Rheinmetall,2023-04-18,9.79569427486094,3.6163847573200485
512,Rheinmetall,2023-04-19,12.896637827193384,4.04158182272303
513,Rheinmetall,2023-04-20,8.19219448480812,4.259171259666916
514,Rheinmetall,2023-04-21,4.659203436726372,4.381399190788848
515,Rheinmetall,2023-04-22,5.349405023318066,4.388601850844239
516,Rheinmetall,2023-04-23,15.389359868526535,4.973046877698245
517,Rheinmetall,2023-04-27,20.538720538720536,6.718484770861183
518,Rheinmetall,2023-04-28,14.29338023088023,7.28394497173805
519,Rheinmetall,2023-04-30,8.333333333333332,8.03246416269541
520,Rheinmetall,2023-05-01,12.13927717744512,8.448009828763194
521,Rheinmetall,2023-05-04,31.717372134038804,10.799763720844055
522,Rheinmetall,2023-05-06,4.89280560709132,11.497406422516663
523,Rheinmetall,2023-05-07,12.409463168734268,11.603215750453602
524,Rheinmetall,2023-05-10,3.6942959001782536,
525,Rheinmetall,2023-05-11,10.96910312605801,
526,Rheinmetall,2023-05-12,21.93074452003024,
527,Rheinmetall,2023-05-14,11.916399572649572,
528,Rheinmetall,2023-05-15,7.10173494171001,
529,Rheinmetall,2023-05-16,22.61684149184149,
530,Rheinmetall,2023-05-17,18.603382728382726,14.368346747935279
531,Rheinmetall,2023-05-18,7.807380179175051,13.45896529368203
532,Rheinmetall,2023-05-19,9.207506791641405,13.095688619450685
533,Rheinmetall,2023-05-20,5.094489971883032,12.562275376279509
534,Rheinmetall,2023-05-21,7.957712481522007,12.537233986158755
535,Rheinmetall,2023-05-22,18.588664421997755,12.967193135795595
536,RocketLauncher,2023-03-07,13.477072310405642,
537,RocketLauncher,2023-03-08,13.092081529581531,
538,RocketLauncher,2023-03-09,7.932240996757125,
539,RocketLauncher,2023-03-10,9.244043204190875,
540,RocketLauncher,2023-03-11,16.52067839567839,
541,RocketLauncher,2023-03-12,6.406541456634911,
542,RocketLauncher,2023-03-13,8.426018426018425,
543,RocketLauncher,2023-03-14,7.626195111454131,
544,RocketLauncher,2023-03-15,14.571545852410054,
545,RocketLauncher,2023-03-16,17.496059697407194,
546,RocketLauncher,2023-03-17,11.13750595500313,
547,RocketLauncher,2023-03-18,9.714968046307762,
548,RocketLauncher,2023-03-19,11.087810903501497,
549,RocketLauncher,2023-03-20,10.218443966733979,11.210800418006047
550,RocketLauncher,2023-03-21,7.38617505882699,10.955825394060776
551,RocketLauncher,2023-03-22,14.847135494514013,11.199032275339103
552,RocketLauncher,2023-03-23,12.713614866868294,11.288125368958466
553,RocketLauncher,2023-03-24,15.106411335577997,11.500252367103997
554,RocketLauncher,2023-03-25,17.751726197140705,11.82927730552698
555,RocketLauncher,2023-03-26,22.2839237383847,12.352009627169867
556,RocketLauncher,2023-03-27,15.78235653235653,12.515359479797805
557,RocketLauncher,2023-03-28,12.6998926998927,12.478350926916235
558,RocketLauncher,2023-03-29,6.94354899626465,12.185563663424956
559,RocketLauncher,2023-03-30,15.462416818799799,12.544143464474606
560,RocketLauncher,2023-03-31,1.3288216922578158,12.167228154382556
561,RocketLauncher,2023-04-01,5.616575591985428,11.647985163730509
562,RocketLauncher,2023-04-02,6.243419044837485,11.640217429835394
563,RocketLauncher,2023-04-03,8.969968441717665,11.666119811535358
564,RocketLauncher,2023-04-04,8.108688025981259,11.689095664608079
565,RocketLauncher,2023-04-05,7.329137419597947,11.344219072569407
566,RocketLauncher,2023-04-06,2.139450056116723,10.61295194679367
567,RocketLauncher,2023-04-07,5.6156471597648085,10.35000628987756
568,RocketLauncher,2023-04-08,13.917411328828647,10.550122636664268
569,RocketLauncher,2023-04-09,10.101647940874914,10.503162495586812
570,RocketLauncher,2023-04-10,13.772033029736107,10.672381022396436
571,RocketLauncher,2023-04-11,16.17005811799862,11.090661168071277
572,RocketLauncher,2023-04-12,14.151025290508867,11.057513063118652
573,RocketLauncher,2023-04-13,7.728324915824915,10.820118303545158
574,RocketLauncher,2023-04-14,9.515486949697477,10.553883808979418
575,RocketLauncher,2023-04-15,9.543478260869565,10.163014859633174
576,RocketLauncher,2023-04-16,8.666787295721099,9.514579790934906
577,RocketLauncher,2023-04-17,9.388965201465203,9.210132584701986
578,RocketLauncher,2023-04-18,22.590123489246295,9.681095955623586
579,RocketLauncher,2023-04-19,10.021313336264317,9.827656162290236
580,RocketLauncher,2023-04-20,4.309906943904622,9.296584263485704
581,RocketLauncher,2023-04-21,10.92465296654094,9.753528609880139
582,RocketLauncher,2023-04-22,6.440116512580281,9.792744844194178
583,RocketLauncher,2023-04-23,6.900622525622527,9.824040248041086
584,RocketLauncher,2023-04-27,8.409090909090908,10.453705120807784
585,RocketLauncher,2023-04-28,24.34515672297627,11.494233429875088
586,RocketLauncher,2023-04-30,22.685185185185183,12.091901626660777
587,RocketLauncher,2023-05-01,8.481764206955049,11.780709342967771
588,RocketLauncher,2023-05-04,17.361111111111114,11.972250774482056
589,RocketLauncher,2023-05-06,8.243767114975304,12.054897394402792
590,RocketLauncher,2023-05-07,19.091295651397953,12.799505134093996
591,RocketLauncher,2023-05-10,12.80442732648615,
592,RocketLauncher,2023-05-11,9.85618548118548,
593,RocketLauncher,2023-05-12,8.031759906759909,
594,RocketLauncher,2023-05-14,18.390170304232804,
595,RocketLauncher,2023-05-15,9.834507920791104,
596,RocketLauncher,2023-05-16,6.953846153846154,
597,RocketLauncher,2023-05-17,16.187169312169313,13.619674093368763
598,RocketLauncher,2023-05-18,10.937550653107932,13.800278360798552
599,RocketLauncher,2023-05-19,7.337160388630974,12.585421479773887
600,RocketLauncher,2023-05-20,12.109493263628599,12.553692932030867
601,RocketLauncher,2023-05-21,12.223591003352908,11.856253319908717
602,RocketLauncher,2023-05-22,4.434731934731935,11.586451168427176
603,Spas12,2023-03-07,14.500000000000002,
604,Spas12,2023-03-08,18.98931623931624,
605,Spas12,2023-03-09,20.213741955914628,
606,Spas12,2023-03-10,13.83737965600339,
607,Spas12,2023-03-11,12.831046948694006,
608,Spas12,2023-03-12,10.87673738096141,
609,Spas12,2023-03-13,12.833094963029172,
610,Spas12,2023-03-14,10.454757816473384,
611,Spas12,2023-03-15,16.249086863874442,
612,Spas12,2023-03-16,13.362016413519394,
613,Spas12,2023-03-17,13.130359132343258,
614,Spas12,2023-03-18,16.163964676304136,
615,Spas12,2023-03-19,9.747506525353325,
616,Spas12,2023-03-20,16.983896271686966,14.298064631676697
617,Spas12,2023-03-21,18.30437786584195,14.565152180621048
618,Spas12,2023-03-22,15.325142793173484,14.612651593905575
619,Spas12,2023-03-23,10.086900352311313,14.346430932635323
620,Spas12,2023-03-24,12.886619553286218,14.265330300449262
621,Spas12,2023-03-25,7.608931218463962,13.914993506660563
622,Spas12,2023-03-26,7.098531645097875,13.574170413582427
623,Spas12,2023-03-27,12.341122004357299,13.515453822666947
624,Spas12,2023-03-28,8.4738998375362,13.228496672073431
625,Spas12,2023-03-29,8.078823260340881,12.708949387360319
626,Spas12,2023-03-30,14.15054163724377,12.420225562661708
627,Spas12,2023-03-31,4.9759167012239125,11.998251136243637
628,Spas12,2023-04-01,9.776550680930725,11.852798933016814
629,Spas12,2023-04-02,7.682265335060497,11.70068121654534
630,Spas12,2023-04-03,6.114996114996113,11.380771747591385
631,Spas12,2023-04-04,8.176084497513068,11.272263494307563
632,Spas12,2023-04-05,8.657474652540444,10.910758150910704
633,Spas12,2023-04-06,6.850248516915184,10.600673965358121
634,Spas12,2023-04-07,9.802492302492304,10.442204116317601
635,Spas12,2023-04-08,10.39859910430776,10.167662898603488
636,Spas12,2023-04-09,9.038967398342397,10.133922940174395
637,Spas12,2023-04-10,4.902196568863234,9.5586039067066
638,Spas12,2023-04-11,6.9677666388192705,9.018765276848375
639,Spas12,2023-04-12,4.214787236310414,8.489700726521566
640,Spas12,2023-04-13,4.548465219421102,8.225965720193459
641,Spas12,2023-04-14,1.9138755980861242,7.703454103279168
642,Spas12,2023-04-15,13.302733214497918,7.974587531661737
643,Spas12,2023-04-16,3.2912696063808378,7.793289339341879
644,Spas12,2023-04-17,7.70240482556659,7.572398045113751
645,Spas12,2023-04-18,5.833333333333333,7.446656783008851
646,Spas12,2023-04-19,3.809534087311865,7.243357298578898
647,Spas12,2023-04-20,2.4574751847479117,6.68654461036481
648,Spas12,2023-04-21,4.0974648239254705,6.644713568588693
649,Spas12,2023-04-22,4.350712909962697,6.38634034139974
650,Spas12,2023-04-23,0.0,6.020518182587335
651,Spas12,2023-04-27,3.968253968253968,5.5889073344790665
652,Spas12,2023-04-28,5.100151171579743,5.327666160539479
653,Spas12,2023-04-30,6.249999999999999,4.865319081591792
654,Spas12,2023-05-01,4.617202136286106,4.848554703204903
655,Spas12,2023-05-04,11.322751322751323,5.2011441455122585
656,Spas12,2023-05-06,4.93179507957833,4.8380248892627264
657,Spas12,2023-05-07,10.68329516699082,5.366026715020583
658,Spas12,2023-05-10,6.250000000000001,
659,Spas12,2023-05-11,14.505587005587003,
660,Spas12,2023-05-12,5.381192881192883,
661,Spas12,2023-05-14,7.507933328245829,
662,Spas12,2023-05-15,8.330167865566095,
663,Spas12,2023-05-16,9.956043956043958,
664,Spas12,2023-05-17,12.910561660561658,7.979638253045551
665,Spas12,2023-05-18,9.039901637940854,8.341898800880328
666,Spas12,2023-05-19,11.673889294565344,8.811451523950728
667,Spas12,2023-05-20,10.494544571075183,8.923657727092358
668,Spas12,2023-05-21,6.576445107957713,8.94542073428954
669,Spas12,2023-05-22,4.734848484848485,8.953263824193698
670,SteyrAUG,2023-03-07,4.409393076059742,
671,SteyrAUG,2023-03-08,3.757631257631258,
672,SteyrAUG,2023-03-09,3.262734875638101,
673,SteyrAUG,2023-03-10,4.663797363532311,
674,SteyrAUG,2023-03-11,2.96554344348462,
675,SteyrAUG,2023-03-12,10.24808005940475,
676,SteyrAUG,2023-03-13,3.7967876003561187,
677,SteyrAUG,2023-03-14,4.026331819396539,
678,SteyrAUG,2023-03-15,2.1696847391291834,
679,SteyrAUG,2023-03-16,4.069368770068432,
680,SteyrAUG,2023-03-17,6.602498074253443,
681,SteyrAUG,2023-03-18,1.8428673931066275,
682,SteyrAUG,2023-03-19,2.633328685380621,
683,SteyrAUG,2023-03-20,3.8622725250632226,4.165022834464641
684,SteyrAUG,2023-03-21,2.990608991990207,4.086728578299678
685,SteyrAUG,2023-03-22,2.039428280847045,3.958772309708889
686,SteyrAUG,2023-03-23,0.693085453359426,3.7666730828648025
687,SteyrAUG,2023-03-24,1.8244949494949492,3.6587742976775885
688,SteyrAUG,2023-03-25,0.15625,3.4744309135892943
689,SteyrAUG,2023-03-26,3.33608254611972,3.467513495215816
690,SteyrAUG,2023-03-27,6.523593372858079,3.613041108436876
691,SteyrAUG,2023-03-28,3.3333333333333335,3.561800168307047
692,SteyrAUG,2023-03-29,2.8216974811896622,3.5172318932383995
693,SteyrAUG,2023-03-30,5.199246611332442,3.609446737795273
694,SteyrAUG,2023-03-31,2.952483087326789,3.527955581785486
695,SteyrAUG,2023-04-01,15.535997809788604,4.1265486468475805
696,SteyrAUG,2023-04-02,3.7082995150371034,3.815130525687217
697,SteyrAUG,2023-04-03,1.4027590343379812,3.701129165400638
698,SteyrAUG,2023-04-04,3.4248212105354963,3.672485803073922
699,SteyrAUG,2023-04-05,1.040361319966583,3.6187084973995134
700,SteyrAUG,2023-04-06,7.7017726282432175,3.7916801096935497
701,SteyrAUG,2023-04-07,5.863737113737114,3.7565010163356294
702,SteyrAUG,2023-04-08,4.049716494714176,3.8615890687931316
703,SteyrAUG,2023-04-09,3.0042425745550747,3.8792516349442963
704,SteyrAUG,2023-04-10,1.7707684925822178,3.7796562048261535
705,SteyrAUG,2023-04-11,0.16981556455240665,3.645332708281496
706,SteyrAUG,2023-04-12,0.11395888879332586,3.5536436896122714
707,SteyrAUG,2023-04-13,15.30092592592593,4.249255140686867
708,SteyrAUG,2023-04-14,2.307745648706747,4.272267078744572
709,SteyrAUG,2023-04-15,6.666666666666667,4.582286920014413
710,SteyrAUG,2023-04-16,1.5754377352315492,4.4984466909245
711,SteyrAUG,2023-04-17,3.496723184223184,4.354310015275219
712,SteyrAUG,2023-04-18,3.703653599486933,4.371944313663486
713,SteyrAUG,2023-04-19,0.5952380952380952,4.265922438141983
714,SteyrAUG,2023-04-20,10.89076170042079,4.536946966193808
715,SteyrAUG,2023-04-21,1.7159967962720253,4.478066666619772
716,SteyrAUG,2023-04-22,3.911318150448585,3.924510492365486
717,SteyrAUG,2023-04-23,1.7297620075397855,3.8302944205798988
718,SteyrAUG,2023-04-27,4.607182940516274,3.970758421089493
719,SteyrAUG,2023-04-28,6.377551020408164,3.999303638126774
720,SteyrAUG,2023-04-30,5.9523809523809526,4.169758080552566
721,SteyrAUG,2023-05-01,3.4154522322461265,4.266504182885737
722,SteyrAUG,2023-05-04,0.0,3.7963913819857256
723,SteyrAUG,2023-05-06,0.5520369067167096,3.465963951509227
724,SteyrAUG,2023-05-07,0.7040905953949431,3.403724870092326
725,SteyrAUG,2023-05-10,12.611607142857146,
726,SteyrAUG,2023-05-11,2.380737648594791,
727,SteyrAUG,2023-05-12,0.0,
728,SteyrAUG,2023-05-14,11.733630952380953,
729,SteyrAUG,2023-05-15,1.8331226295828065,
730,SteyrAUG,2023-05-16,6.035714285714286,
731,SteyrAUG,2023-05-17,1.776556776556776,4.141433148810709
732,SteyrAUG,2023-05-18,0.6227106227106227,3.8568279832531625
733,SteyrAUG,2023-05-19,1.9540035987404405,3.540860310276897
734,SteyrAUG,2023-05-20,0.9941690962099125,3.3710808960057643
735,SteyrAUG,2023-05-21,5.278694811257838,3.3261684865975565
736,SteyrAUG,2023-05-22,0.4166666666666667,3.1262494488922594
